timestamp	commit	status	typecheck	tests	lint	description
2026-04-07T18:19:02-03:00	8219cc1	kept	pass	pass	pass	harness: wire coverage into test:unit, fix lint, add tests for 80%+ coverage, create hooks
2026-04-07T18:38:07-03:00	c7b08a0	kept	pass	pass	pass	Story 1: tRPC provider setup with QueryClient and httpBatchLink
2026-04-07T18:39:18-03:00	eaf3532	kept	pass	pass	pass	Story 2: duplicate email returns CONFLICT TRPCError
2026-04-07T18:40:46-03:00	b4773e6	kept	pass	pass	pass	Story 3: wire register form to tRPC with errors and loading
2026-04-07T18:41:52-03:00	add4625	kept	pass	pass	pass	Story 4: wire login form to tRPC with session storage
2026-04-07T18:42:50-03:00	b7c96d4	kept	pass	pass	pass	Story 5: useAuth hook with localStorage sessionId and auth.me query
2026-04-07T18:45:35-03:00	501324e	kept	pass	pass	pass	Story 6: protected dashboard page and nav bar with auth state
2026-04-07T18:50:44-03:00	3316059	kept	pass	pass	pass	Story 7: E2E auth flow tests (register, login, dashboard, logout, duplicate email, protected route)
2026-04-07T18:51:56-03:00	1a3bef7	kept	pass	pass	pass	Final: all 7 stories complete, pnpm check passes, deslop done
